{"cameraMode":{"drawMode":0,"name":"Shaded","section":"Shading Mode"},"sceneLighting":true,"audioPlay":false,"sceneViewState":{"showFog":true,"showMaterialUpdate":false,"showSkybox":true,"showFlares":true,"showImageEffects":true,"showParticleSystems":true},"in2DMode":false,"pivot":{"x":-1.272970199584961,"y":-8.190263748168946,"z":12.358567237854004},"rotation":{"x":-0.20012915134429933,"y":0.31863823533058169,"z":-0.06901878863573075,"w":-0.9239369630813599},"size":20.431865692138673,"orthographic":false}