{"cameraMode":{"drawMode":0,"name":"Shaded","section":"Shading Mode"},"sceneLighting":true,"audioPlay":false,"sceneViewState":{"showFog":true,"showMaterialUpdate":false,"showSkybox":true,"showFlares":true,"showImageEffects":true,"showParticleSystems":true},"in2DMode":false,"pivot":{"x":-8.662165641784668,"y":-5.985833168029785,"z":18.232192993164064},"rotation":{"x":-0.093826062977314,"y":0.3215987980365753,"z":-0.03204341605305672,"w":-0.9416770339012146},"size":26.325014114379884,"orthographic":false}