{"cameraMode":{"drawMode":0,"name":"Shaded","section":"Shading Mode"},"sceneLighting":true,"audioPlay":false,"sceneViewState":{"showFog":true,"showMaterialUpdate":false,"showSkybox":true,"showFlares":true,"showImageEffects":true,"showParticleSystems":true},"in2DMode":false,"pivot":{"x":15.863597869873047,"y":-11.297971725463868,"z":-9.976980209350586},"rotation":{"x":-0.12068746984004975,"y":0.37611299753189089,"z":-0.049481119960546496,"w":-0.9173486828804016},"size":45.77250289916992,"orthographic":false}