{"cameraMode":{"drawMode":0,"name":"Shaded","section":"Shading Mode"},"sceneLighting":false,"audioPlay":false,"sceneViewState":{"showFog":true,"showMaterialUpdate":false,"showSkybox":true,"showFlares":true,"showImageEffects":true,"showParticleSystems":true},"in2DMode":false,"pivot":{"x":4.308013916015625,"y":-0.8049583435058594,"z":0.05435800552368164},"rotation":{"x":0.05257313698530197,"y":-0.5170114040374756,"z":0.031836360692977908,"w":0.8537697196006775},"size":3.5783352851867677,"orthographic":false}